Workbook

Sheet Dashboard
A1: GIT AUDIT REPORT — SOFTWARE CI STATUS DASHBOARD
A2: Generated: February 2026 | All KPIs are formula-driven from Raw Data sheet
A4: Total CIs Tracked | C4: Git Available | E4: Git Not Available | G4: Overall Adoption % | I4: Total Push Count | K4: Teams Tracked
A5: ='Team Summary'!B8 | C5: ='Team Summary'!C8 | E5: ='Team Summary'!D8 | G5: ='Team Summary'!E8 | I5: ='Team Summary'!F8 | K5: =5
A8: TEAM-WISE SUMMARY (click Team Summary tab for detail)
A9: Team | B9: Total CIs | C9: Git Avail. | D9: Git N/A | E9: Adoption % | F9: Total Pushes | G9: Avg Pushes/CI
A10: ='Team Summary'!A3 | B10: ='Team Summary'!B3 | C10: ='Team Summary'!C3 | D10: ='Team Summary'!D3 | E10: ='Team Summary'!E3 | F10: ='Team Summary'!F3 | G10: ='Team Summary'!G3
A11: ='Team Summary'!A4 | B11: ='Team Summary'!B4 | C11: ='Team Summary'!C4 | D11: ='Team Summary'!D4 | E11: ='Team Summary'!E4 | F11: ='Team Summary'!F4 | G11: ='Team Summary'!G4
A12: ='Team Summary'!A5 | B12: ='Team Summary'!B5 | C12: ='Team Summary'!C5 | D12: ='Team Summary'!D5 | E12: ='Team Summary'!E5 | F12: ='Team Summary'!F5 | G12: ='Team Summary'!G5
A13: ='Team Summary'!A6 | B13: ='Team Summary'!B6 | C13: ='Team Summary'!C6 | D13: ='Team Summary'!D6 | E13: ='Team Summary'!E6 | F13: ='Team Summary'!F6 | G13: ='Team Summary'!G6
A14: ='Team Summary'!A7 | B14: ='Team Summary'!B7 | C14: ='Team Summary'!C7 | D14: ='Team Summary'!D7 | E14: ='Team Summary'!E7 | F14: ='Team Summary'!F7 | G14: ='Team Summary'!G7
A15: GRAND TOTAL | B15: ='Team Summary'!B8 | C15: ='Team Summary'!C8 | D15: ='Team Summary'!D8 | E15: ='Team Summary'!E8 | F15: ='Team Summary'!F8 | G15: ='Team Summary'!G8

Sheet Raw Data
A1: Sl.No | B1: Project ID | C1: Product ID | D1: Software Product (CI) | E1: In-Charge | F1: Product Status | G1: Status | H1: Total Push Count | I1: First Push Date | J1: Last Push Date | K1: Duration (days) | L1: Git Availability | M1: Observations | N1: Team
A2: 1 | B2: YIA2822_FCR_MIG29-K1 | C2: DP-VPX-0224 | D2: DP-VPX-0224-V1-01-BRAM-LIBS-ARM-LIN5V10 | E2: Vishnu | F2: Testing Stage | G2: SETUP UNAVAILABLE | H2: 2 | I2: 2025-11-07 | J2: 2025-11-07 | K2: 0 | L2: Available | N2: Computing
A3: 2 | D3: DP-VPX-0224-V1-01-PL-LIBS-ARM-LIN5V10 | H3: 2 | I3: 2025-11-07 | J3: 2025-11-07 | K3: 0 | L3: Available | N3: Computing
A4: 3 | D4: DP-VPX-0224-V1-01-PLL-LIBS-ARM-LIN5V10 | H4: 2 | I4: 2025-11-07 | J4: 2025-11-07 | K4: 0 | L4: Available | N4: Computing
A5: 4 | D5: DP-VPX-0224-V1-01-PS-LIBS-ARM-LIN5V10 | H5: 2 | I5: 2025-11-07 | J5: 2025-11-07 | K5: 0 | L5: Available | N5: Computing
A6: 5 | D6: DP-VPX-0224-V1-01-RF-LIBS-ARM-LIN5V10 | H6: 2 | I6: 2025-11-07 | J6: 2025-11-07 | K6: 0 | L6: Available | N6: Computing
A7: 6 | D7: DP-VPX-0224-V1-01-RFDC-LIBS-ARM-LIN5V10 | H7: 2 | I7: 2025-11-07 | J7: 2025-11-07 | K7: 0 | L7: Available | N7: Computing
A8: 7 | D8: DP-VPX-0224-V1-01-AS-ARM-LIN5V10 | H8: 7 | I8: 2025-07-25 | J8: 2025-11-07 | K8: 105 | L8: Available | N8: Computing
A9: 8 | D9: DP-VPX-0224-V1-01-AS-X86-W10 | H9: 4 | I9: 2025-07-25 | J9: 2025-11-07 | K9: 105 | L9: Available | N9: Computing
A10: 9 | D10: DP-VPX-0224-V1-01-DS-ARM-LIN5V10 | H10: 6 | I10: 2025-07-25 | J10: 2025-11-07 | K10: 105 | L10: Available | N10: Computing
A11: 10 | C11: DP-VPX-0227 | D11: DP-VPX-0227-V1-01-AS-ATP-ARM-LIN5V04 | F11: Testing Stage | G11: QAC | H11: 8 | I11: 2025-07-25 | J11: 2025-11-13 | K11: 111 | L11: Available | N11: Computing
A12: 11 | D12: DP-VPX-0227-V1-01-AS-AUTOMATION-ARM-LIN5V04 | H12: 2 | I12: 2025-07-25 | J12: 2025-09-01 | K12: 38 | L12: Available | N12: Computing
A13: 12 | D13: DP-VPX-0227-V1-01-AS-HSDC-AUTO-X86-W10-1V00 | H13: 2 | I13: 2025-07-25 | J13: 2025-09-01 | K13: 38 | L13: Available | N13: Computing
A14: 13 | D14: DP-VPX-0227-V1-01-DS-ARM-LIN5V04 | H14: 2 | I14: 2025-07-25 | J14: 2025-09-01 | K14: 38 | L14: Available | N14: Computing
A15: 14 | D15: DP-VPX-0227-V1-01-LIBS-ARM-LIN5V04 | H15: 7 | I15: 2025-07-25 | J15: 2025-11-13 | K15: 111 | L15: Available | N15: Computing
A16: 15 | C16: DP-VPX-2003 | D16: DP-VPX-2003-V1-01-AS-ARM-LIN5V10 | F16: Testing Stage | G16: ON HOLD | H16: 20 | I16: 2025-07-25 | J16: 2026-02-02 | K16: 192 | L16: Available | N16: Computing
A17: 16 | D17: DP-VPX-2003-V1-01-DS-ARM-LIN5V10 | H17: 9 | I17: 2025-07-25 | J17: 2026-02-02 | K17: 192 | L17: Available | N17: Computing
A18: 17 | D18: DP-VPX-2003-V1-01-LIBS-ARM-LIN5V10 | H18: 8 | I18: 2025-07-25 | J18: 2026-02-02 | K18: 192 | L18: Available | N18: Computing
A19: 18 | C19: DP-VPX-5792 | D19: DP-VPX-5792-V1-01-AS-PPC-LIN4V20 | F19: Testing Stage | G19: UNDER PROGRESS | H19: 6 | I19: 2025-07-25 | J19: 2025-11-14 | K19: 112 | L19: Available | N19: Computing
A20: 19 | D20: DP-VPX-5792-V1-01-DS-PPC-LIN4V20 | H20: 11 | I20: 2025-07-25 | J20: 2025-12-17 | K20: 145 | L20: Available | N20: Computing
A21: 20 | D21: DP-VPX-5792-V1-01-LIBS-PPC-LIN4V20 | H21: 11 | I21: 2025-07-25 | J21: 2025-11-27 | K21: 125 | L21: Available | N21: Computing
A22: 21 | C22: DP-VPX-7154 | D22: DP-VPX-7154-V1-01-AS-W10 | E22: Shiva Parvathi | F22: Requirement Stage | G22: UNDER PROGRESS | H22: 2 | I22: 2026-01-28 | J22: 2026-01-28 | K22: 0 | L22: Available | N22: Computing
A23: 22 | B23: YEA2876 | C23: DP-SPL-0244 | D23: DP-SPL-0244-600-V1-01-AS-ARM-LIN6V12 | E23: Narendra | F23: Testing Stage | G23: ON HOLD | H23: 3 | I23: 2025-11-13 | J23: 2025-11-13 | K23: 0 | L23: Available | N23: Computing
A24: 23 | D24: DP-SPL-0244-600-V1-01-AS-X86_64-W10 | H24: 1 | I24: 2025-11-13 | J24: 2025-11-13 | K24: 0 | L24: Available | N24: Computing
A25: 24 | D25: DP-SPL-0244-600-V1-01-LIBS-X86_64-W10 | H25: 1 | I25: 2025-11-13 | J25: 2025-11-13 | K25: 0 | L25: Available | N25: Computing
A26: 25 | D26: DP-SPL-0244-660-V1-01-LIBS-ARM-LIN6V12 | H26: 8 | I26: 2025-11-13 | J26: 2025-11-18 | K26: 5 | L26: Available | N26: Computing
A27: 26 | C27: DP-DSP-8208 | D27: DP-DSP-8208-660-V1-01-AS-ARM-LIN6V12 | F27: Testing Stage | G27: UNDER PROGRESS | H27: 9 | I27: 2025-11-13 | J27: 2026-02-05 | K27: 84 | L27: Available | N27: Computing
A28: 27 | D28: DP-DSP-8208-660-V1-01-AS-X86_64-W10 | H28: 8 | I28: 2025-11-13 | J28: 2026-02-05 | K28: 84 | L28: Available | N28: Computing
A29: 28 | D29: DP-DSP-8208-660-V1-01-LIBS-ARM-LIN6V12 | H29: 4 | I29: 2025-11-13 | J29: 2025-12-04 | K29: 21 | L29: Available | N29: Computing
A30: 29 | D30: DP-DSP-8208-660-V1-01-LIBS-X86_64-W10 | H30: 1 | I30: 2025-11-13 | J30: 2025-11-13 | K30: 0 | L30: Available | N30: Computing
A31: 30 | B31: YEB2935 | C31: DP-VPX-0233 | D31: DP-VPX-0233 | E31: Gowthami | F31: Testing Stage | G31: QAC | H31: 4 | I31: 2026-01-12 | J31: 2026-01-13 | K31: 1 | L31: Available | N31: Computing
A32: 31 | D32: DP-VPX-0233-V1-01-AS-ATP-ARM-LIN5V04 | H32: 8 | I32: 2025-07-25 | J32: 2025-11-18 | K32: 116 | L32: Available | N32: Computing
A33: 32 | D33: DP-VPX-0233-V1-01-AS-AUTOMATION-ARM-LIN5V04 | H33: 6 | I33: 2025-07-25 | J33: 2025-11-10 | K33: 108 | L33: Available | N33: Computing
A34: 33 | D34: DP-VPX-0233-V1-01-AS-HSDC-AUTO-X86-W10 | H34: 8 | I34: 2025-07-25 | J34: 2025-11-10 | K34: 108 | L34: Available | N34: Computing
A35: 34 | D35: DP-VPX-0233-V1-01-DS-ARM-LIN5V04 | H35: 6 | I35: 2025-07-25 | J35: 2025-11-10 | K35: 108 | L35: Available | N35: Computing
A36: 35 | D36: DP-VPX-0233-V1-01-LIBS-ARM-LIN5V04 | H36: 8 | I36: 2025-07-25 | J36: 2025-11-07 | K36: 105 | L36: Available | N36: Computing
A37: 36 | B37: YEA2918 | C37: DP-OBC-8178 | D37: DP-OBC-8178-663-V1-01-AS-ARINC615A-DL-X86_64-LIN5V14 | E37: Mohamed Ali | F37: Customer Test/Response | G37: COMPLETED | H37: 4 | I37: 2025-08-11 | J37: 2025-08-13 | K37: 2 | L37: Available | N37: Computing
A38: 37 | D38: DP-OBC-8178-663-V1-01-AS-ARINC615A-THW-X86_64-LIN5V14 | H38: 3 | I38: 2025-08-11 | J38: 2025-08-13 | K38: 2 | L38: Available | N38: Computing
A39: 38 | D39: DP-OBC-8178-663-V1-01-AS-SIM-SU-X86-W10 | H39: 3 | I39: 2025-11-20 | J39: 2025-11-20 | K39: 0 | L39: Available | N39: Computing
A40: 39 | D40: DP-OBC-8178-663-V1-01-AS-SIM-PU-X86-W10 | H40: 5 | I40: 2025-08-11 | J40: 2026-01-07 | K40: 149 | L40: Available | N40: Computing
A41: 40 | D41: DP-OBC-8178-663-V1-01-AS-TTMB1-X86_64-LIN5V14 | H41: 17 | I41: 2025-08-11 | J41: 2025-12-24 | K41: 135 | L41: Available | N41: Computing
A42: 41 | D42: DP-OBC-8178-663-V1-01-AS-TTMB2-X86_64-LIN5V14 | H42: 11 | I42: 2025-08-11 | J42: 2025-12-24 | K42: 135 | L42: Available | N42: Computing
A43: 42 | D43: DP-OBC-8178-663-V1-01-DS-X86_64-LIN5V14 | H43: 1 | I43: 2025-08-11 | J43: 2025-08-11 | K43: 0 | L43: Available | N43: Computing
A44: 43 | D44: DP-OBC-8178-663-V1-01-LIBS-ARINC615A-X86_64-LIN5V14 | H44: 2 | I44: 2025-08-11 | J44: 2025-08-13 | K44: 2 | L44: Available | N44: Computing
A45: 44 | D45: DP-OBC-8178-663-V1-01-LIBS-X86_64-LIN5V14 | H45: 1 | I45: 2025-08-11 | J45: 2025-08-11 | K45: 0 | L45: Available | N45: Computing
A46: 45 | D46: DP-OBC-8178-V1-02-LIB-LINUX-OS | H46: 35 | I46: 2025-06-04 | J46: 2026-01-09 | K46: 219 | L46: Available | N46: Computing
A47: 46 | D47: DP-OBC-8178-V1-02-US-LINUX | H47: 12 | I47: 2025-06-12 | J47: 2025-10-29 | K47: 139 | L47: Available | N47: Computing
A48: 47 | B48: YEC2874 | C48: DP-SPL-0238 | D48: DP-SPL-0238-V1-01-AS-X86-W10 | E48: Hafeez | F48: Testing Stage | G48: SETUP UNAVAILABLE | H48: 17 | I48: 2025-08-11 | J48: 2026-02-04 | K48: 177 | L48: Available | N48: Computing
A49: 48 | D49: DP-SPL-0238-V1-01-FWS-ARM-NOS | H49: 6 | I49: 2025-08-11 | J49: 2025-11-10 | K49: 91 | L49: Available | N49: Computing
A50: 49 | D50: DP-SPL-0238-V1-01-IS-X86-W10 | H50: 1 | I50: 2025-11-06 | J50: 2025-11-06 | K50: 0 | L50: Available | N50: Computing
A51: 50 | D51: DP-SPL-0238-V1-01-LIBS-ARM-NOS | H51: 14 | I51: 2025-08-11 | J51: 2025-11-10 | K51: 91 | L51: Available | N51: Computing
A52: 51 | B52: YIA2927 | C52: DP-VPX-0236 | D52: DP-VPX-0236-V1-01-AS-ATP-ARM-LIN5V10 | E52: Gowthami | F52: Testing Stage | G52: UNDER PROGRESS | H52: 7 | I52: 2025-11-06 | J52: 2025-12-02 | K52: 26 | L52: Available | N52: Computing
A53: 52 | D53: DP-VPX-0236-V1-01-AS-AUTOMATION-ARM-LIN5V10 | H53: 9 | I53: 2025-11-06 | J53: 2025-12-02 | K53: 26 | L53: Available | N53: Computing
A54: 53 | D54: DP-VPX-0236-V1-01-AS-HSDC-AUTO-X86-W10 | H54: 4 | I54: 2025-07-25 | J54: 2025-11-10 | K54: 108 | L54: Available | N54: Computing
A55: 54 | D55: DP-VPX-0236-V1-01-DS-ARM-LIN5V10 | H55: 6 | I55: 2025-11-06 | J55: 2025-11-10 | K55: 4 | L55: Available | N55: Computing
A56: 55 | D56: DP-VPX-0236-V1-01-LIBS-ARM-LIN5V10 | H56: 7 | I56: 2025-11-06 | J56: 2025-12-02 | K56: 26 | L56: Available | N56: Computing
A57: 56 | C57: DP-VPX-2606 | D57: DP-VPX-2606-V1-01-AS-ARM-LIN5V10 | E57: Shiva Parvathi | F57: Testing Stage | G57: UNDER PROGRESS | H57: 7 | I57: 2025-09-02 | J57: 2025-12-10 | K57: 99 | L57: Available | N57: Computing
A58: 57 | D58: DP-VPX-2606-V1-01-DS-ARM-LIN5V10 | H58: 6 | I58: 2025-09-02 | J58: 2025-12-30 | K58: 119 | L58: Available | N58: Computing
A59: 58 | D59: DP-VPX-2606-V1-01-LIBS-ARM-LIN5V10 | H59: 5 | I59: 2025-09-02 | J59: 2025-12-10 | K59: 99 | L59: Available | N59: Computing
A60: 59 | B60: YEA2936 | C60: DP-XMC-5049 | D60: DP-XMC-5049-V1-01-AS-X86_64-LIN5V14 | E60: Kaushik | F60: Testing Stage | G60: UNDER PROGRESS | H60: 4 | I60: 2025-07-25 | J60: 2026-02-04 | K60: 194 | L60: Available | N60: Computing
A61: 60 | D61: DP-XMC-5049-V1-01-AS-X86_64-WIN10 | H61: 8 | I61: 2025-07-25 | J61: 2026-02-04 | K61: 194 | L61: Available | N61: Computing
A62: 61 | D62: DP-XMC-5049-V1-01-DS-X86_64-LIN5V14 | H62: 3 | I62: 2025-07-25 | J62: 2025-10-01 | K62: 68 | L62: Available | N62: Computing
A63: 62 | D63: DP-XMC-5049-V1-01-FWS-SAMD51 | H63: 12 | I63: 2025-07-25 | J63: 2026-01-02 | K63: 161 | L63: Available | N63: Computing
A64: 63 | D64: DP-XMC-5049-V1-01-LIBS-X86_64-LIN5V14 | H64: 5 | I64: 2025-07-25 | J64: 2026-02-04 | K64: 194 | L64: Available | N64: Computing
A65: 64 | B65: YEC2826 | C65: DP-VPX-1031 | D65: DP-VPX-1031-V1-01-AS-PPC-LINUX-1V00 | E65: Sriram | F65: Implementation Stage | G65: COMPLETED | H65: 2 | I65: 2025-12-12 | J65: 2025-12-12 | K65: 0 | L65: Available | N65: Computing
A66: 65 | D66: DP-VPX-1031-V1-01-DS-PPC-LINUX-1V00 | H66: 4 | I66: 2025-12-12 | J66: 2026-01-08 | K66: 27 | L66: Available | N66: Computing
A67: 66 | D67: DP-VPX-1031-V1-01-LIBS-PPC-LINUX-1V00 | H67: 2 | I67: 2025-12-12 | J67: 2025-12-15 | K67: 3 | L67: Available | N67: Computing
A68: 67 | D68: DP-VPX-1031-V1-01-US-PPC-LINUX-1V00 | H68: 2 | I68: 2025-12-12 | J68: 2025-12-15 | K68: 3 | L68: Available | N68: Computing
A69: 68 | B69: YEA2960 | C69: DP-OBC-8196 | D69: DP-OBC-8196-V1-01-AS-X86-W10 | E69: Hafeez | F69: Testing Stage | G69: SETUP UNAVAILABLE | H69: 9 | I69: 2025-08-28 | J69: 2025-12-09 | K69: 103 | L69: Available | N69: Computing
A70: 69 | D70: DP-OBC-8196-V1-01-IS-X86-W10 | H70: 1 | I70: 2025-08-28 | J70: 2025-08-28 | K70: 0 | L70: Available | N70: Computing
A71: 70 | C71: DP-VPX-0500 | D71: DP-VPX-0500-66033-V1-01-AS-ISBC-x86-LIN5V14 | E71: Shahin | F71: Implementation Stage | G71: SETUP UNAVAILABLE | H71: 4 | I71: 2025-08-28 | J71: 2025-10-28 | K71: 61 | L71: Available | N71: Computing
A72: 71 | D72: DP-VPX-0500-66033-V1-01-AS-ISBC-X86-W10 | H72: 10 | I72: 2025-08-28 | J72: 2026-02-04 | K72: 160 | L72: Available | N72: Computing
A73: 72 | D73: DP-VPX-0500-66033-V1-01-DS-ISBC-x86-LIN5V14 | H73: 1 | I73: 2025-08-28 | J73: 2025-08-28 | K73: 0 | L73: Available | N73: Computing
A74: 73 | D74: DP-VPX-0500-66033-V1-01-IS-ISBC-X86-W10 | H74: 1 | I74: 2025-08-28 | J74: 2025-08-28 | K74: 0 | L74: Available | N74: Computing
A75: 74 | D75: DP-VPX-0500-66033-V1-01-LIBS-ISBC-x86-LIN5V14 | H75: 5 | I75: 2025-08-28 | J75: 2025-09-30 | K75: 33 | L75: Available | N75: Computing
A76: 75 | D76: DP-VPX-0500-66300-V1-01-AS-NSBC-x86-LIN5V14 | H76: 3 | I76: 2025-08-28 | J76: 2025-10-01 | K76: 34 | L76: Available | N76: Computing
A77: 76 | D77: DP-VPX-0500-66300-V1-01-AS-NSBC-X86-W10 | H77: 1 | I77: 2025-08-28 | J77: 2025-08-28 | K77: 0 | L77: Available | N77: Computing
A78: 77 | D78: DP-VPX-0500-66300-V1-01-DS-NSBC-x86-LIN5V14 | H78: 1 | I78: 2025-08-28 | J78: 2025-08-28 | K78: 0 | L78: Available | N78: Computing
A79: 78 | D79: DP-VPX-0500-66300-V1-01-IS-NSBC-X86-W10 | H79: 1 | I79: 2025-08-28 | J79: 2025-08-28 | K79: 0 | L79: Available | N79: Computing
A80: 79 | D80: DP-VPX-0500-66300-V1-01-LIBS-NSBC-x86-LIN5V14 | H80: 1 | I80: 2025-08-28 | J80: 2025-08-28 | K80: 0 | L80: Available | N80: Computing
A81: 80 | C81: DP-VPX-5291 | D81: DP-VPX-5291-V1-01-AS-ARM-LIN6V6 | F81: Implementation Stage | G81: SETUP UNAVAILABLE | H81: 2 | I81: 2025-08-28 | J81: 2026-01-06 | K81: 131 | L81: Available | N81: Computing
A82: 81 | D82: DP-VPX-5291-V1-01-AS-X86-W10 | H82: 6 | I82: 2025-08-28 | J82: 2026-01-06 | K82: 131 | L82: Available | N82: Computing
A83: 82 | D83: DP-VPX-5291-V1-01-DS-ARM-LIN6V6 | H83: 2 | I83: 2025-08-28 | J83: 2026-01-05 | K83: 130 | L83: Available | N83: Computing
A84: 83 | D84: DP-VPX-5291-V1-01-IS-X86-W10 | H84: 1 | I84: 2025-08-28 | J84: 2025-08-28 | K84: 0 | L84: Available | N84: Computing
A85: 84 | D85: DP-VPX-5291-V1-01-LIBS-ARM-LIN6V6 | H85: 3 | I85: 2025-08-28 | J85: 2026-01-06 | K85: 131 | L85: Available | N85: Computing
A86: 85 | D86: DP-VPX-5291-V1-01-OSS-ARM-LIN6V6 | H86: 1 | I86: 2025-08-28 | J86: 2025-08-28 | K86: 0 | L86: Available | N86: Computing
A87: 86 | C87: DP-VPX-6025 | D87: DP-VPX-6025-V1-01-AS-ARM-LIN6V6 | F87: Implementation Stage | G87: SETUP UNAVAILABLE | H87: 8 | I87: 2025-08-28 | J87: 2026-01-06 | K87: 131 | L87: Available | N87: Computing
A88: 87 | D88: DP-VPX-6025-V1-01-AS-X86-W10 | H88: 10 | I88: 2025-08-28 | J88: 2026-02-06 | K88: 162 | L88: Available | N88: Computing
A89: 88 | D89: DP-VPX-6025-V1-01-DS-ARM-LIN6V6 | H89: 4 | I89: 2025-08-28 | J89: 2025-12-29 | K89: 123 | L89: Available | N89: Computing
A90: 89 | D90: DP-VPX-6025-V1-01-IS-X86-W10 | H90: 1 | I90: 2025-08-28 | J90: 2025-08-28 | K90: 0 | L90: Available | N90: Computing
A91: 90 | D91: DP-VPX-6025-V1-01-LIBS-ARM-LIN6V6 | H91: 8 | I91: 2025-08-28 | J91: 2026-01-02 | K91: 127 | L91: Available | N91: Computing
A92: 91 | D92: DP-VPX-6025-V1-01-OSS-ARM-LIN6V6 | H92: 1 | I92: 2025-08-28 | J92: 2025-08-28 | K92: 0 | L92: Available | N92: Computing
A93: 92 | C93: DP-ATE-8486 | D93: DP-ATE-8486 | E93: Shahin | F93: Requirement Stage | G93: UNDER PROGRESS | H93: 0 | I93: - | J93: - | L93: Not Available | N93: Computing
A94: 93 | B94: YEB3037 | C94: DP-OBC-8211 | D94: - | E94: - | F94: Requirement Stage | G94: UNDER PROGRESS | H94: 0 | I94: - | J94: - | L94: Not Available | N94: Computing
A95: 94 | C95: DP-SPL-0502 | D95: - | E95: - | F95: Requirement Stage | G95: UNDER PROGRESS | H95: 0 | I95: - | J95: - | L95: Not Available | N95: Computing
A96: 95 | B96: YIB2890 | C96: DP-SPL-0241 | D96: - | E96: - | F96: Requirement Stage | G96: UNDER PROGRESS | H96: 0 | I96: - | J96: - | L96: Not Available | N96: Computing
A97: 96 | B97: YEB2986 | C97: DP-XMC-6003 | D97: - | E97: - | F97: Requirement Stage | G97: UNDER PROGRESS | H97: 0 | I97: - | J97: - | L97: Not Available | N97: Computing
A98: 97 | B98: YEB2854 | C98: IRST V2 | D98: - | E98: Mohamed Ali | F98: Requirement Stage | G98: UNDER PROGRESS | H98: 0 | I98: - | J98: - | L98: Not Available | N98: Computing
A99: 98 | B99: YEC2768 | C99: - | D99: - | E99: - | F99: Completed | G99: Completed | H99: 0 | I99: - | J99: - | L99: Not Available | N99: Computing
A100: 99 | B100: YEB2800 | C100: DP-SPL-4309 | D100: DP-SPL-4309 | E100: - | F100: Completed | G100: Completed | H100: 4 | I100: 2025-04-15 | J100: 2025-06-05 | K100: 51 | L100: Available | N100: Computing
...

Sheet Team Summary
A1: GIT AUDIT — TEAM-WISE SUMMARY (Formula-Driven)
A2: Team | B2: Total CIs | C2: Git Available | D2: Git Not Available | E2: Adoption % | F2: Total Pushes | G2: Avg Pushes/CI
A3: AGM | B3: =COUNTIF('Raw Data'!N$2:N$546,A3) | C3: =COUNTIFS('Raw Data'!N$2:N$546,A3,'Raw Data'!L$2:L$546,"Available")+COUNTIFS('Raw Data'!N$2:N$546,A3,'Raw Data'!L$2:L$546,"Yes") | D3: =B3-C3 | E3: =IF(B3>0,C3/B3,0) | F3: =SUMIF('Raw Data'!N$2:N$546,A3,'Raw Data'!H$2:H$546) | G3: =IF(B3>0,F3/B3,0)
A4: Application | B4: =COUNTIF('Raw Data'!N$2:N$546,A4) | C4: =COUNTIFS('Raw Data'!N$2:N$546,A4,'Raw Data'!L$2:L$546,"Available")+COUNTIFS('Raw Data'!N$2:N$546,A4,'Raw Data'!L$2:L$546,"Yes") | D4: =B4-C4 | E4: =IF(B4>0,C4/B4,0) | F4: =SUMIF('Raw Data'!N$2:N$546,A4,'Raw Data'!H$2:H$546) | G4: =IF(B4>0,F4/B4,0)
A5: BSP | B5: =COUNTIF('Raw Data'!N$2:N$546,A5) | C5: =COUNTIFS('Raw Data'!N$2:N$546,A5,'Raw Data'!L$2:L$546,"Available")+COUNTIFS('Raw Data'!N$2:N$546,A5,'Raw Data'!L$2:L$546,"Yes") | D5: =B5-C5 | E5: =IF(B5>0,C5/B5,0) | F5: =SUMIF('Raw Data'!N$2:N$546,A5,'Raw Data'!H$2:H$546) | G5: =IF(B5>0,F5/B5,0)
A6: Computing | B6: =COUNTIF('Raw Data'!N$2:N$546,A6) | C6: =COUNTIFS('Raw Data'!N$2:N$546,A6,'Raw Data'!L$2:L$546,"Available")+COUNTIFS('Raw Data'!N$2:N$546,A6,'Raw Data'!L$2:L$546,"Yes") | D6: =B6-C6 | E6: =IF(B6>0,C6/B6,0) | F6: =SUMIF('Raw Data'!N$2:N$546,A6,'Raw Data'!H$2:H$546) | G6: =IF(B6>0,F6/B6,0)
A7: RAD | B7: =COUNTIF('Raw Data'!N$2:N$546,A7) | C7: =COUNTIFS('Raw Data'!N$2:N$546,A7,'Raw Data'!L$2:L$546,"Available")+COUNTIFS('Raw Data'!N$2:N$546,A7,'Raw Data'!L$2:L$546,"Yes") | D7: =B7-C7 | E7: =IF(B7>0,C7/B7,0) | F7: =SUMIF('Raw Data'!N$2:N$546,A7,'Raw Data'!H$2:H$546) | G7: =IF(B7>0,F7/B7,0)
A8: GRAND TOTAL | B8: =SUM(B3:B7) | C8: =SUM(C3:C7) | D8: =SUM(D3:D7) | E8: =IF(B8>0,C8/B8,0) | F8: =SUM(F3:F7) | G8: =IF(B8>0,F8/B8,0)

Sheet Charts
A1: GIT AUDIT — VISUAL ANALYSIS
A3: Team | B3: Git Available | C3: Git Not Available
A4: ='Team Summary'!A3 | B4: ='Team Summary'!C3 | C4: ='Team Summary'!D3
A5: ='Team Summary'!A4 | B5: ='Team Summary'!C4 | C5: ='Team Summary'!D4
A6: ='Team Summary'!A5 | B6: ='Team Summary'!C5 | C6: ='Team Summary'!D5
A7: ='Team Summary'!A6 | B7: ='Team Summary'!C6 | C7: ='Team Summary'!D6
A8: ='Team Summary'!A7 | B8: ='Team Summary'!C7 | C8: ='Team Summary'!D7
A11: Team | B11: Adoption %
A12: ='Team Summary'!A3 | B12: ='Team Summary'!E3
A13: ='Team Summary'!A4 | B13: ='Team Summary'!E4
A14: ='Team Summary'!A5 | B14: ='Team Summary'!E5
A15: ='Team Summary'!A6 | B15: ='Team Summary'!E6
A16: ='Team Summary'!A7 | B16: ='Team Summary'!E7
A19: Status | B19: Count
A20: Git Available | B20: ='Team Summary'!C8
A21: Git Not Available | B21: ='Team Summary'!D8

Sheet Product Status
A1: PRODUCT-WISE GIT AVAILABILITY (Formula-Driven)
A2: Team | B2: Product ID | C2: Total CIs | D2: Git Available | E2: Git Not Available | F2: Adoption %
A3: AGM | B3: DP-COM-8031-630 | C3: =COUNTIF('Raw Data'!C$2:C$546,B3) | D3: =COUNTIFS('Raw Data'!C$2:C$546,B3,'Raw Data'!L$2:L$546,"Available")+COUNTIFS('Raw Data'!C$2:C$546,B3,'Raw Data'!L$2:L$546,"Yes") | E3: =C3-D3 | F3: =IF(C3>0,D3/C3,0)
A4: AGM | B4: DP-COM-8031-633 | C4: =COUNTIF('Raw Data'!C$2:C$546,B4) | D4: =COUNTIFS('Raw Data'!C$2:C$546,B4,'Raw Data'!L$2:L$546,"Available")+COUNTIFS('Raw Data'!C$2:C$546,B4,'Raw Data'!L$2:L$546,"Yes") | E4: =C4-D4 | F4: =IF(C4>0,D4/C4,0)
A5: AGM | B5: DP-CRF-2213 | C5: =COUNTIF('Raw Data'!C$2:C$546,B5) | D5: =COUNTIFS('Raw Data'!C$2:C$546,B5,'Raw Data'!L$2:L$546,"Available")+COUNTIFS('Raw Data'!C$2:C$546,B5,'Raw Data'!L$2:L$546,"Yes") | E5: =C5-D5 | F5: =IF(C5>0,D5/C5,0)
A6: AGM | B6: DP-CRF-2519 | C6: =COUNTIF('Raw Data'!C$2:C$546,B6) | D6: =COUNTIFS('Raw Data'!C$2:C$546,B6,'Raw Data'!L$2:L$546,"Available")+COUNTIFS('Raw Data'!C$2:C$546,B6,'Raw Data'!L$2:L$546,"Yes") | E6: =C6-D6 | F6: =IF(C6>0,D6/C6,0)
A7: AGM | B7: DP-CRF-5366 | C7: =COUNTIF('Raw Data'!C$2:C$546,B7) | D7: =COUNTIFS('Raw Data'!C$2:C$546,B7,'Raw Data'!L$2:L$546,"Available")+COUNTIFS('Raw Data'!C$2:C$546,B7,'Raw Data'!L$2:L$546,"Yes") | E7: =C7-D7 | F7: =IF(C7>0,D7/C7,0)
A8: AGM | B8: DP-CRF-5369 | C8: =COUNTIF('Raw Data'!C$2:C$546,B8) | D8: =COUNTIFS('Raw Data'!C$2:C$546,B8,'Raw Data'!L$2:L$546,"Available")+COUNTIFS('Raw Data'!C$2:C$546,B8,'Raw Data'!L$2:L$546,"Yes") | E8: =C8-D8 | F8: =IF(C8>0,D8/C8,0)
A9: AGM | B9: DP-CRF-7556 PLL | C9: =COUNTIF('Raw Data'!C$2:C$546,B9) | D9: =COUNTIFS('Raw Data'!C$2:C$546,B9,'Raw Data'!L$2:L$546,"Available")+COUNTIFS('Raw Data'!C$2:C$546,B9,'Raw Data'!L$2:L$546,"Yes") | E9: =C9-D9 | F9: =IF(C9>0,D9/C9,0)
A10: AGM | B10: DP-ESM-1073-6333-HF-RPE | C10: =COUNTIF('Raw Data'!C$2:C$546,B10) | D10: =COUNTIFS('Raw Data'!C$2:C$546,B10,'Raw Data'!L$2:L$546,"Available")+COUNTIFS('Raw Data'!C$2:C$546,B10,'Raw Data'!L$2:L$546,"Yes") | E10: =C10-D10 | F10: =IF(C10>0,D10/C10,0)
A11: AGM | B11: DP-ESM-1074-6000-VUSHF-RPE | C11: =COUNTIF('Raw Data'!C$2:C$546,B11) | D11: =COUNTIFS('Raw Data'!C$2:C$546,B11,'Raw Data'!L$2:L$546,"Available")+COUNTIFS('Raw Data'!C$2:C$546,B11,'Raw Data'!L$2:L$546,"Yes") | E11: =C11-D11 | F11: =IF(C11>0,D11/C11,0)
A12: AGM | B12: DP-ESM-1095-600-AIDF | C12: =COUNTIF('Raw Data'!C$2:C$546,B12) | D12: =COUNTIFS('Raw Data'!C$2:C$546,B12,'Raw Data'!L$2:L$546,"Available")+COUNTIFS('Raw Data'!C$2:C$546,B12,'Raw Data'!L$2:L$546,"Yes") | E12: =C12-D12 | F12: =IF(C12>0,D12/C12,0)
A13: AGM | B13: DP-ESM-1095-603-MIDF | C13: =COUNTIF('Raw Data'!C$2:C$546,B13) | D13: =COUNTIFS('Raw Data'!C$2:C$546,B13,'Raw Data'!L$2:L$546,"Available")+COUNTIFS('Raw Data'!C$2:C$546,B13,'Raw Data'!L$2:L$546,"Yes") | E13: =C13-D13 | F13: =IF(C13>0,D13/C13,0)
A14: AGM | B14: DP-ESM-1098-600-CFDF | C14: =COUNTIF('Raw Data'!C$2:C$546,B14) | D14: =COUNTIFS('Raw Data'!C$2:C$546,B14,'Raw Data'!L$2:L$546,"Available")+COUNTIFS('Raw Data'!C$2:C$546,B14,'Raw Data'!L$2:L$546,"Yes") | E14: =C14-D14 | F14: =IF(C14>0,D14/C14,0)
... A203: RAD | B203: DP-SWR-8005 | C203: =COUNTIF('Raw Data'!C$2:C$546,B203) | D203: =COUNTIFS('Raw Data'!C$2:C$546,B203,'Raw Data'!L$2:L$546,"Available")+COUNTIFS('Raw Data'!C$2:C$546,B203,'Raw Data'!L$2:L$546,"Yes") | E203: =C203-D203 | F203: =IF(C203>0,D203/C203,0)
